id,f1,f2,f3,f4,f5
1,0.36,0.24000000000000002,0.76,0.54,0.15999999999999998
2,0.66,0.84,0.06,0.24000000000000002,0.76
3,0.24000000000000002,0.76,0.44,0.66,0.34
4,0.26,0.34,0.5599999999999999,0.74,0.36
5,0.76,0.44,0.0,0.34,0.66
6,0.34,0.66,0.54,0.76,0.24000000000000002
7,0.5599999999999999,0.64,0.66,0.44,0.26
8,0.44,0.26,0.34,0.5599999999999999,0.74
9,0.45999999999999996,0.74,0.76,0.24000000000000002,0.5599999999999999
10,0.24000000000000002,0.06,0.24000000000000002,0.76,0.44
